run_id,game_id,platform,form,mode,started_on,ended_on,outcome,completion_criteria,rating,difficulty,minutes,hours_source,replay,note,verdict
01K5A00000000000000000RUN2,01K5A00000000000000000GAM2,Super Nintendo,physical,solo,2011-01-01,2011-07-01,finished,credits,10,normal,1800,stated,false,"Filed from memory, fifteen years late.","Replayed it over one long week, and the memory held up better than memories usually do.

Still a ten, for a different reason: it is not ""the best RPG"", it is the one that never wastes a scene."
01K5A00000000000000000RUN1,01K5A00000000000000000GAM1,Nintendo Switch,digital,solo,2026-05-03,2026-08-12,finished,true_ending,9,hard,538,measured,false,,"Started as a curiosity and turned into the thing I thought about on the way to
work. The first ten hours are a map problem; the last ten are a nerve problem,
and somewhere in between it stopped feeling unfair.

What stayed with me is not the difficulty but the silence around it. I would
file it again."
01K5A00000000000000000RUN3,01K5A00000000000000000GAM3,PC,digital,solo,2026-06-01,2026-06-01,abandoned,abandoned,,,90,measured,false,Not the right month for it.,
01K5A00000000000000000RUN4,01K5A00000000000000000GAM4,Nintendo Switch,digital,solo,2026-07-20,,,,,,0,measured,false,,
01K5A00000000000000000RUN5,01K5A00000000000000000GAM5,,digital,solo,2026-08-15,,,,,,150,measured,false,,
01K5A00000000000000000RUN6,01K5A00000000000000000GAM6,PC,digital,solo,2026-09-01,,,,,,1422,mixed,false,,
